Name,Category,Latitude,Longitude,Price,Zipcode
Da Andrea,Italian,40.736218,-73.99597,$$,10011
Thursday Kitchen,Korean,40.72761,-73.98373,$$,10009
Jack's Wife Freda,Breakfast & Brunch,40.7221323,-73.9975402,$$,10012
Joe's Shanghai,Shanghainese,40.7156608,-73.9967012,$$,10013
Olio e Più,Pizza,40.733798036104304,-73.99977392649927,$$,10014
The Osprey,American (New),40.702241,-73.995539,$$,11201
The Cabin NYC,American (New),40.72393,-73.98383,$$,10009
Ye's Apothecary,Szechuan,40.71945,-73.9898,,
Time Out Market New York,Food Court,40.70342863348067,-73.99214637055226,$$,11201
Raku,Japanese,40.72728,-74.00252,$$,10012
Antidote,Cocktail Bars,40.714253413118925,-73.96544806659222,$$,11249
Kong Sihk Tong 港食堂,Chinese,40.715433714742154,-73.9981186386701,$,10013
Atti,Korean,40.68841151989921,-73.98289919999999,,
Juliana's,Pizza,40.70274718768062,-73.99343490196397,$$,11201
Celestine,Mediterranean,40.704676,-73.987975,$$$,11201
Raku,Japanese,40.7264988089246,-73.9866526052356,$$,10003
Benemon,Japanese,40.72551,-73.98838,$$,10003
Soothr,Thai,40.732259,-73.987363,$$,10003
Cecconi's Dumbo,Italian,40.7033063330116,-73.9916549604523,$$$,11201
Ichibantei,Japanese,40.73063,-73.98275,$$,10009
AlMar,Italian,40.702662,-73.989177,$$,11201
Rubirosa,Italian,40.722766,-73.996233,$$,10012
Malibu Farm New York,American (New),40.705644,-74.00188,$$,10038
Tin Building by Jean-Georges,Grocery,40.706200062546294,-74.00226642004867,,
Boqueria Soho,Spanish,40.7249227818105,-74.00215536627918,$$,10012
FERNS,Bars,40.72881,-73.98403,$$,10009
Momofuku Ssam Bar,Asian Fusion,40.705476024827576,-74.0016428,$$$,10038
Em Vietnamese Bistro,Vietnamese,40.702670064808366,-73.99118578021728,$$,11201
Fishmarket Restaurant,Seafood,40.70717,-74.00192,$$,10038
Ingas Bar,American (New),40.69992328722937,-73.99371282578757,,
Jane Restaurant,Breakfast & Brunch,40.7273779,-74.00025,$$,10012
RH Rooftop Restaurant New York,American (Traditional),40.73985,-74.00639,$$$,10014
Upstate Craft Beer & Oyster Bar,Seafood,40.726373,-73.986557,$$,10003
High Lúa Vietnamese Kitchen,Vietnamese,40.71258,-73.96045,$$,11211
Amélie,French,40.7327,-73.99766,$$$,10011
Coco Bistro,French,40.70757,-74.00184,$$,10038
Wayla,Thai,40.7183,-73.9926038,$$$,10002
Crab House All You Can Eat Seafood,Buffets,40.759664,-73.969776,$$$$,10022
Tasty Hand-Pulled Noodles,Chinese,40.7142,-73.99787,$$,10013
Fish Cheeks,Seafood,40.7258,-73.9927,$$,10012
8282,Korean,40.72161,-73.98875,,
Sunday in Brooklyn,American (New),40.714181240175115,-73.96532809508915,$$,11249
Rule of Thirds,Japanese,40.7246328,-73.9551096,,
Lucky Rabbit Noodles,Tapas/Small Plates,40.70375,-73.98809,,
Very Fresh Noodles,Taiwanese,40.74207,-74.00565,$$,10011
Kuun,Korean,40.6884292,-73.9831506,,
Westville Dumbo,American (New),40.70208865020039,-73.9894541379247,$$,11201
Farida Central Asian Cuisine & Grill - Downtown,Uzbek,40.70712,-74.00845,,
JeJu Noodle Bar,Korean,40.73304,-74.00734,$$,10014
Thai Villa,Thai,40.73902,-73.99065,$$,10003
JeJu Noodle Bar,Korean,40.73304,-74.00734,$$,10014
Thai Villa,Thai,40.73902,-73.99065,$$,10003
YUBU,Korean,40.72702,-73.98608,$$,10003
DOMODOMO - New York,Japanese,40.7280299,-74.00167,$$$,10012
Kimura,Japanese,40.728995,-73.988279,$$$,10003
The River Café,American (New),40.703866713051106,-73.99479360219303,$$$$,11201
MONO+MONO,Korean,40.72549,-73.98803,$$,10003
The Leroy House,American (New),40.73063,-74.00661,$$$,10014
Okiboru House of Tsukemen,Ramen,40.71934,-73.98971,$$,10002
Cafe Mogador,Moroccan,40.719747,-73.959993,$$,11211
Monkey Bar,American (Traditional),40.759910389869454,-73.97320859999999,,
La Grande Boucherie,French,40.7626274,-73.98084109999999,$$$,10019
Sobak,Korean,40.71497047687499,-73.99158544320115,$$,10002
Mắm,Vietnamese,40.71704,-73.99338,,
Cobble Fish,Seafood,40.70530194592761,-74.00257774322735,,
Nyonya,Malaysian,40.719116974367,-73.9968322948353,$$,10013
Hole In The Wall,Australian,40.71444505961235,-73.9615832,$$,11249
BoCaphe,Vietnamese,40.722062,-73.997587,$$,10012
Aurora,Italian,40.715621,-73.964757,$$,11249
Wah Fung No 1,Fast Food,40.71735,-73.99457,$,10002
Zaab Zaab,Thai,40.71387597679311,-73.960393,,
Boutros,American (New),40.6901481293837,-73.9935445412993,$$$,11201
Taboonette,Mediterranean,40.7346038818359,-73.9928283691406,$$,10003
Jack's Wife Freda,Mediterranean,40.71707,-73.96322,,
Uncle Lou,Cantonese,40.71623,-73.99925,$$,10013
La Contenta,Mexican,40.71873,-73.98691,$$,10002
Brooklyn Farm,Thai,40.69461303547711,-73.99426770000436,$$,11201
Piccola Cucina Osteria,Italian,40.72506,-74.00322,$$,10012
5ive Spice,Vietnamese,40.722598,-73.996272,$$,10012
The Migrant Kitchen - Brooklyn,Middle Eastern,40.70343127955398,-73.99161055480388,,
Wenwen,Taiwanese,40.73398,-73.95504,,
The Binc,Cocktail Bars,40.69925,-73.99227,$$,11201
Usagi NY,Bookstores,40.70383,-73.98691,$$,11201
Balthazar,French,40.7226892950401,-73.9982149184027,$$$,10012
DumboLuv,American (New),40.70327,-73.98676,,
Her Name Is Han,Korean,40.7462615966797,-73.984733581543,$$,10016
Shu Jiao Fu Zhou,Chinese,40.7174109,-73.9920876,$,10002
Win Son,Taiwanese,40.70747,-73.94339,$$,11206
The Tyger,Cocktail Bars,40.71888,-73.99951,,
Miss Ada,Mediterranean,40.689436,-73.9723809,$$$,11205
Little Owl,Breakfast & Brunch,40.73240001181511,-74.00532068435112,$$,10014
Shuka,Mediterranean,40.72707,-74.00283,$$$,10012
Ruby's Cafe,Australian,40.730932,-73.988061,$$,10003
Nura,American (New),40.72467,-73.95371,,
Ampersand,Cocktail Bars,40.7386178790617,-73.9834206895483,$$,10010
Ippudo NY,Ramen,40.73092,-73.99015,$$,10003
Anytime Kitchen ,Korean,40.74776270790539,-73.9867793576711,$$,10001
While We Were Young,American (New),40.73437,-74.00272,$$,10014
Clover Hill,American (New),40.69316,-73.99871,,
Buvette,French,40.732704,-74.00434640955953,$$,10014
Evelina,Italian,40.689722,-73.971003,$$$,11205
Noodle Pudding,Italian,40.69979,-73.99203,$$,11201
The Wild Son Lunch Counter,American (New),40.72737,-73.98525,$$,10009
Mercado Little Spain,Spanish,40.752435,-74.001475,$$,10001
Butler,Coffee & Tea,40.7032670673495,-73.9922419276899,$$,11201
Mokyo,Korean,40.72714401116084,-73.98395721296154,,
Burger & Lobster - Flatiron NYC,Seafood,40.74007,-73.99344,$$,10011
L'Artusi,Italian,40.73372,-74.00513,$$$,10014
Selo,Modern European,40.7613,-73.92335,,
Fresh Salt,Bars,40.70707,-74.00244,$$,10038
Seamore’s Dumbo,Seafood,40.7032,-73.99145,$$,11201
7th Street Burger,Burgers,40.74115036458325,-73.98184169598186,,
Paesano of Mulberry Street,Italian,40.718554,-73.997447,$$,10013
Chi Restaurant & Bar,Chinese,40.75547,-73.99439,,
Salt + Charcoal,Japanese,40.71453,-73.9613511,$$,11249
Uluh,Tea Rooms,40.7293403,-73.9866071,$$$,10003
The Four Horsemen,Wine Bars,40.71305,-73.95732,$$,11211
Din Soup Dumplings,Dim Sum,40.69425,-73.99277,$$,11201
Bolivian Llama Party,Latin American,40.73936,-73.9207457005978,,
Salma,Lebanese,40.730369942268375,-73.9837222575225,$$,10003
David Burke TImeout Market,American (New),40.7034191,-73.992147,,
LumLum ,Thai,40.7629,-73.98991,$$,10019
886,Taiwanese,40.72877,-73.98873,$$,10003
Las Santas,Mexican,40.6882,-73.97953,$$,11217
CHILI,Szechuan,40.75002,-73.98215,$$,10016
Frangos Peri Peri,Portuguese,40.727787,-73.979444,$$,10009
Jack's Wife Freda,Mediterranean,40.729826,-74.003516,$$,10014
LaoJie Hotpot Manhattan,Hot Pot,40.71764,-73.99504,,
Luke's Lobster Brooklyn Bridge Park,Seafood,40.70359,-73.99411,$$,11201
Blue Willow 夜来湘,Szechuan,40.76292,-73.976546,,
Nowon,Korean,40.72532,-73.98334,$$$,10009
White Oak Tavern,American (New),40.73036,-73.99462,$$,10003
Barn Joo,Korean,40.73684,-73.99069,$$,10003
Gelso & Grand,Italian,40.71958,-73.99734,$$,10013
La Sirène-Soho,French,40.7243642217227,-74.005708694458,$$$,10013
Leitao,Portuguese,40.73495,-74.00628,,
Szechuan Mountain House,Szechuan,40.72911,-73.98858,$$,10003
Cafe Gitane,Moroccan,40.7028272982236,-73.9812811999999,,
Shanghai 21,Shanghainese,40.71441,-73.99902,$$,10013
Rice Kitchen,Korean,40.725166,-74.003712,$$,10012
TAGMO,Indian,40.70762,-74.00214,$$,10038
11 Tigers,Asian Fusion,40.72908,-73.97815,,
Potluck Club,Chinese,40.71952,-73.99333,,
Freemans,Breakfast & Brunch,40.721988,-73.992466,$$,10002
Excuse My French,Bars,40.718437,-73.989807,$$,10002
Noodle Village,Chinese,40.714167,-73.998803,$$,10013
Jacob's Pickles Time Out Market,Comfort Food,40.70341672927573,-73.99160957243645,$$,11201
Bar Lula,Cocktail Bars,40.72743,-73.98521,,
Madame Vo,Vietnamese,40.72925,-73.98612,$$,10003
Soba Mama,Japanese,40.73024678277589,-73.9940323,,
Eleni's,Greek,40.736601,-73.985085,,
Porcelain,Wine Bars,40.702315,-73.901679,,
Bread & Spread,Coffee & Tea,40.7025945,-73.9869119,$$,11201
Kopitiam,Malaysian,40.71387,-73.99091,$$,10002
Sun Hing Lung Co,Chinese,40.7127362,-73.9950764600962,$,10002
Pomp & Circumstance Dining,Italian,40.714166,-73.949612,$$,11211
Sweet Chick,Southern,40.7217399,-73.98739,$$,10002
Little Kirin,Comfort Food,40.72782,-73.98551,$$,10003
Emily,American (Traditional),40.68351,-73.96643,$$,11238
The Paris Cafe,Seafood,40.70732,-74.00159,$$,10038
Seaport House,Seafood,40.707503,-74.001945,$$,10038
Botte Brooklyn,Italian,40.69446,-73.98316,,
Rangoon,Burmese,40.6757,-73.96002,,
Lillo Cucina Italiana,Cafes,40.69023,-73.99634,$$,11201
Naked Dog,Italian,40.7312720665479,-73.9593493647979,$$,11222
Misi,Italian,40.71341,-73.96662,$$$,11249
La Pecora Bianca,Italian,40.74358,-73.9892,$$,10010
Lilia,Italian,40.71757,-73.95236,$$$,11211
TADA Korean Fried Chicken,Korean,40.71564775485656,-73.99808697776591,$$,10013
Chow House,Szechuan,40.72915,-74.00072,$$,10012
Java Indonesian Restaurant,Indonesian,40.662645,-73.9847769,$$,11215
Don Angie,Italian,40.73778,-74.00197,$$$,10014
Oxomoco,Mexican,40.7299099,-73.95548,$$$,11222
Walter's,American (New),40.6894111633301,-73.973258972168,$$,11217
Chef Huang Jian Bing & Peking Duck,Chinese,40.74531205210646,-73.9757772,,
Jiang Nan,Shanghainese,40.7175581,-73.99498,,
Kora,Filipino,40.751208638548974,-73.95004514604808,,
Kimika,Italian,40.720572,-73.995206,$$$,10012
Hometown Bar-B-Que,Barbeque,40.67486,-74.01602,$$,11231
Osteria Del Porto,Italian,40.70737443140159,-74.00270427364536,$$$,10038
Wild Ink,Asian Fusion,40.753754,-74.001388,$$$,10001
Koloman,French,40.74569968921106,-73.9880941,,
Mission Ceviche,Peruvian,40.7692325,-73.9578759,$$$,10021
San Marzano Pasta Fresca,Italian,40.727966,-73.988382,$$,10003
Rim Nam Thai,Thai,40.7033674860089,-73.9868891,,
Francie,American (New),40.71002578663716,-73.96405744314846,$$$$,11249
YunShang Rice Noodle House,Chinese,40.71525,-73.99765,$$,10013
Pecking House,Cantonese,40.6796443,-73.97457729999999,,
Gramercy Tavern,American (New),40.73844,-73.98825,$$$$,10003
Forsythia,Italian,40.7225353,-73.992492,$$$$,10002
KPOT Korean BBQ & Hot Pot,Hot Pot,40.69088,-73.98378,$$,11201
Hole In The Wall,Breakfast & Brunch,40.70838968823975,-74.00578177901109,$$,10038
Grimaldi's Pizzeria,Pizza,40.7026459,-73.9932413,$$,11201
Dante,Cocktail Bars,40.72879,-74.00165,$$,10012
Trapizzino,Italian,40.72043,-73.98894,$$,10002
Otway,American (New),40.68274,-73.96388,$$$,11238
Nami Nori,Sushi Bars,40.730284,-74.003212,$$$,10014
Ai Ki Ya,Ramen,40.74873,-73.98705,,
Shukette,Middle Eastern,40.74745,-74.00041,,
Sauced,Wine Bars,40.7126701394003,-73.9623194526208,,
Olea,Tapas Bars,40.6877844,-73.9706046,$$,11238
Despaña Fine Foods & Tapas Cafe,Spanish,40.721094,-73.9978255,$$,10013
Sweetwater Restaurant,American (New),40.7184736,-73.9600178,$$,11249
Cremini's - Aperitivo & Kitchen,Italian,40.674968,-73.999242,,
Curry House,Malaysian,40.7147043540403,-73.99770502336152,,
Carmine's Italian Restaurant - Times Square,Italian,40.75749848725768,-73.98665333142026,$$,10036
Red Hook Tavern,American (Traditional),40.67788,-74.01209,$$$,11231
Taste of Heaven,Soul Food,40.717115,-73.940613,$$,11211
Dinner Party,American (New),40.68692,-73.97469,,
Sagaponack,Bars,40.740937,-73.99081,$$,10010
Red Feather,Asian Fusion,40.72975,-73.99893,$$$,10012
Supper,Italian,40.72290786539601,-73.98520720537888,$$,10009
PALPAL,Korean,40.74568,-73.98466,,
Bacall's,American (New),40.7576,-73.98693,$$$,10036
Ruby's Cafe,Burgers,40.7223288,-73.996326,$$,10012
Ipanema Restaurant,Brazilian,40.75005,-73.98416,$$,10018
Tonchin,Ramen,40.71676616063315,-73.9616957,,
Otis,American (New),40.706011,-73.932598,$$$,11206
Ajisai on Duane,Japanese,40.71751,-74.01021,,
Sofreh,Persian/Iranian,40.6798617,-73.973984,$$$,11217
MayRee,Thai,40.72374,-73.9893,,
Berimbau Brazilian Kitchen,Brazilian,40.73007,-74.00366,$$,10014
Gran Electrica,Mexican,40.7027,-73.99314,$$,11201
Au Cheval,Burgers,40.7183878,-74.0015522,$$$,10013
Temakase,Sushi Bars,40.729711,-73.987127,,
Zaytinya - New York,Tapas/Small Plates,40.74549437933232,-73.9889085,,
The Hideaway Seaport,Bars,40.7080634,-74.002083,$$,10038
shabushabu Mayumon,Japanese,40.71434,-73.99205,,
Pig and Khao,Filipino,40.71926,-73.98475,$$$,10002
Wayan,Indonesian,40.7213813139202,-73.9950757664721,$$$,10012
Boucherie West Village,French,40.733063,-74.0028772,$$$,10014
Marlow & Sons,American (New),40.7106126934043,-73.9658814005443,$$$,11249
Agi's Counter,Hungarian,40.67,-73.95837,,
The Fulton by Jean-Georges,Seafood,40.705585,-74.001736,$$$,10038
Pollo D' Oro,Peruvian,40.69506,-73.98339,$$,11201
Top Thai Vintage,Thai,40.729907419973344,-74.00421380395268,$$,10014
House of Joy,Dim Sum,40.71510354400104,-73.998459,$$,10013
Di An Di,Vietnamese,40.72969,-73.95827,$$,11222
Shan,Cocktail Bars,40.68524,-73.99133,,
Calle Dao - Chelsea,Cuban,40.74769301,-74.00350737,$$,10011
Textbook,Coffee & Tea,40.6897156496454,-73.97775542543114,,
Ugly Baby,Thai,40.67795,-73.9961,$$$,11231
Ferdi,Italian,40.72995,-74.00449,,
Clinton Street Baking Company,Bakeries,40.721128,-73.983933,$$,10002
Zanmi,Haitian,40.6579395,-73.9505773,$$,11225
Henry's End,American (New),40.6987126,-73.99263839731027,$$$,11201
Nami Nori,Sushi Bars,40.71913964537471,-73.95284072719873,$$$,11211
Los Tacos No.1,Tacos,40.7422546402357,-74.0059581,$$,10011
Banter,Breakfast & Brunch,40.72787,-74.0010999,$$,10012
Barbalu Restaurant,Italian,40.7074747,-74.0020404,$$,10038
Nami Nori,Sushi Bars,40.71913964537471,-73.95284072719873,$$$,11211
Los Tacos No.1,Tacos,40.7422546402357,-74.0059581,$$,10011
Banter,Breakfast & Brunch,40.72787,-74.0010999,$$,10012
Barbalu Restaurant,Italian,40.7074747,-74.0020404,$$,10038
Laser Wolf,Middle Eastern,40.72098218304858,-73.95860654260929,$$$,11249
Bea,American (New),40.7591968,-73.9923361,$$,10036
Bonnie's,Cantonese,40.71783,-73.94651,,
Eyval,Persian/Iranian,40.70413,-73.93309,,
Watermark,Lounges,40.7043789539783,-74.0029934983643,$$,10038
Traif,American (New),40.710658,-73.958872,$$$$,11211
KJUN,Korean,40.74897,-73.97633,,
53 NYC,Asian Fusion,40.76179318437133,-73.9780863,,
Fatta Mano,Italian,40.62417577577335,-74.03055868559568,,
Bohemian Restaurant,Japanese,40.72639,-73.99236,$$$,10012
1803 Nyc,Cajun/Creole,40.715498,-74.007178,$$,10007
A-Pou's Taste,Taiwanese,40.71326,-73.93616,$,11211
Aoi Kitchen,Izakaya,40.72683167,-73.98754333,$$,10003
Madre,American (New),40.73311,-73.95798,$$$,11222
Okonomi,Japanese,40.712622,-73.9487843,$$,11211
Emily - West Village,Pizza,40.729375015649076,-74.00386306706551,$$,10014
Betty,American (New),40.71367,-73.98785,,
Les Enfants de Boheme,French,40.7136187,-73.9888503,$$,10002
OTB,American (New),40.710484,-73.963408,$$,11211
Momoya SoHo,Sushi Bars,40.72349,-73.99579,,
Landhaus,Sandwiches,40.7043648,-73.9933243,,
The Bao,Shanghainese,40.72939,-73.9889199,$$,10003
Kabisera,Filipino,40.71897,-74.00102,,
& Sons,Wine Bars,40.66161,-73.95348,,
Le Crocodile,French,40.72191,-73.957873,,
La Pecora Bianca,Mediterranean,40.72346,-73.9963118,,
Tanner Smiths,Cocktail Bars,40.76442,-73.98169,$$,10019
Barbalu - Brooklyn,Italian,40.68675727907743,-73.99101547782092,,
Cafe Mogador,Moroccan,40.727258767439,-73.9845085144043,$$,10009
La Lanterna Di Vittorio,Italian,40.73069,-74.00015,$$,10012
OBAO,Vietnamese,40.7606544,-73.991332,$$,10036
Gersi,Italian,40.683438,-73.995711,$$,11231
Rosie's,Mexican,40.72492,-73.99079,$$,10003
James Provisions,American (New),40.678984,-73.971489,$$$,11238
Wan Wan,Thai,40.7218,-73.99643,,
Maison Kintaro,Japanese,40.74746583338948,-74.00104785354299,,
Thai Diner,Thai,40.72071042964739,-73.9956057,$$,10012
Industry Kitchen,American (Traditional),40.7049434740873,-74.0048825740814,$$,10005
Tradisyon,Filipino,40.76491,-73.987537,$$,10019
nonono,Izakaya,40.74545,-73.98499,$$$,10016
Five Senses,Korean,40.747573158626,-73.9863122632311,$$,10001
Tara Rose,Cocktail Bars,40.74179566099217,-73.9812332883433,$$,10016
Fan Fried Rice Bar,Taiwanese,40.71267,-73.96082,,
Recette,French,40.71326399774355,-73.95637202012806,,
Tito Papas,Filipino,40.71739992771893,-73.9493112,,
Kaoru,Japanese,40.75202,-73.96977,$$,10017
C as in Charlie,Korean,40.72545,-73.99269,,
Lindens,American (New),40.72418,-74.00837,,
Silky Kitchen,Chinese,40.73297,-73.98829,$$,10003
Cathédrale Restaurant,French,40.731616260076336,-73.98947915459632,$$$$,10003
Chiko,Szechuan,40.7319,-73.95422,,
The Wren,Bars,40.7263350655,-73.9920476876,$$,10012
Ursula BK,New Mexican Cuisine,40.672656,-73.954677,$$,11216
Fishmarket II,Malaysian,40.72835,-73.98204,,
Bacàn,Italian,40.715855693840986,-73.96414879999999,,
La Pecora Bianca,Italian,40.73959,-74.00775,,
Da Claudio,Italian,40.71087,-74.00753,$$,10038
Pilot,Cocktail Bars,40.693856933541646,-74.00308873784124,$$$,11201
Tsurutontan Udon Noodle Brasserie,Japanese,40.73678,-73.9910699,$$,10003
Coppelia,Cuban,40.7389111700125,-73.9999985153443,$$,10011
Parker & Quinn,American (New),40.752598878505694,-73.9850713153442,$$,10018
The Smith,American (New),40.74424,-73.98878,$$$,10010
Hakata Tonton,Japanese,40.749981,-73.985719,,
Bluestone Lane DUMBO Café,Coffee & Tea,40.70077577888819,-73.98836356287899,$$,11201
The Smith,American (New),40.755165,-73.967868,$$,10022
The Grey Dog - Union Square,Coffee & Tea,40.733828,-73.993052,$$,10003
Tutt  Heights,Middle Eastern,40.70021198326452,-73.99331599999907,$,11201
Hillstone Restaurant,Sushi Bars,40.758352,-73.969112,$$$,10022
House Of The Red Pearl,Chinese,40.70660163313178,-74.00266169999999,,
Tailfeather,Wine Bars,40.69415,-73.96089,$$,11205
Santa Fe BK,New Mexican Cuisine,40.718101199815685,-73.95677762208928,,
Mint Heights,Indian,40.699657772028765,-73.99217437260721,,
Esme,American (New),40.73322607409529,-73.95492695812946,$$,11222
Colonia Verde,Latin American,40.6897354125977,-73.970703125,$$,11205
Izakaya Juraku,Bars,40.7196796287355,-73.9887088537216,$$,10002
Mezcali,Tacos,40.70745,-74.00748,$$,10038
Sushi Lab,Japanese,40.758489034780425,-73.98320701370044,,
Dutch Freds,Cocktail Bars,40.760835,-73.987823,$$,10036
Cheli,Shanghainese,40.72925,-73.9886,,
Da Long Yi Hot Pot,Hot Pot,40.716557,-73.996583,$$$,10013
Hak Box,Dim Sum,40.714,-73.99439,$,10002
Mareluna,Italian,40.72686027756351,-74.00191202883569,,
Monsieur Vo,Vietnamese,40.72741,-73.98816,,
Suzume,Filipino,40.7131652,-73.9494479,$$,11211
Dim Sum Palace,Dim Sum,40.76015,-73.9893699,$$,10036
Big Tiny,Wine Bars,40.6834507,-73.992855,$$,11231
Silver Factory,Korean,40.709227,-73.958598,$$,11211
Beauty & Essex,American (New),40.720434786101286,-73.98686057623863,$$$,10002
Llama Inn,Peruvian,40.71672,-73.95051,$$$,11211
Clark's Restaurant,Diners,40.69740294105,-73.993250079407,$$,11201
Balaboosta,Mediterranean,40.73769,-74.00584,,
Blue Ribbon Brasserie - SoHo,American (Traditional),40.725456,-74.003027,$$$,10012
Al Badawi,Middle Eastern,40.69059,-73.99503,$$,11201
Dawn's ‘Til Dusk,Coffee & Tea,40.70336875110399,-73.99042176876897,,
Chef Katsu Brooklyn,Pop-Up Restaurants,40.686813,-73.966352,$$,11238
Valerie,American (New),40.756326,-73.981117,$$,10036
Top Thai Greenwich,Thai,40.729771,-73.999392,$$,10012
Mad for Chicken Brooklyn Heights,Chicken Wings,40.69519905751762,-73.99625069999999,,
The Mayfly,American (Traditional),40.72152,-73.98462,,
Good Thanks Cafe,Cafes,40.71972,-73.98952,$$,10002
Karasu,Japanese,40.68937279085807,-73.9732461,$$$,11217
Sama Street,Cocktail Bars,40.7328843,-73.9545232327229,$$,11222
Electric Lemon,American (New),40.754553,-74.002057,$$$,10001
Nabilas,Lebanese,40.68563884890456,-73.99459569999999,,
Tokuyamatcha & Onigirazu Bar,Coffee & Tea,40.72399,-73.9802,$,10009
Bunny,Turkish,40.68202,-73.94977,,
Soco,Cajun/Creole,40.693739699999334,-73.96449631779052,$$,11205
Galli,Italian,40.72161,-74.00127,$$,10013
Kiki's,Greek,40.7144971858255,-73.9918553931336,$$,10002
Namkeen,Chicken Shop,40.71285,-73.96248,$$,11249
A Pasta Bar,Italian,40.72229,-74.00403,$$$,10013
Breakroom,Burgers,40.7166907225542,-73.9999440120647,$$,10013
Locanda Verde,Italian,40.7198601300801,-74.010039072422,$$$,10013
Hey Thai,Thai,40.70738902413635,-74.00523698907823,,
Colonie,Breakfast & Brunch,40.6909,-73.9958,$$$,11201
Prime Meat Rokko,Japanese,40.76497010727244,-73.98807987570763,,
5ive Spice,Vietnamese,40.681442,-73.977241,$$,11217
Place des Fêtes,Wine Bars,40.68691,-73.96289,,
Boucherie Union Square,Steakhouses,40.73725824850519,-73.9882252705524,$$$,10003
Four Four South Village,Taiwanese,40.728920411124825,-73.9898209,$$,10003
Omusubi Gonbei,Japanese,40.750701,-73.976961,$,10017
Taiwan Pork Chop House,Taiwanese,40.71429,-73.99798,$,10013
Glin Thai Bistro,Thai,40.69315,-73.97328,,
Montesacro Pinseria Brooklyn,Italian,40.71338,-73.95136,$$,11211
The Good Fork Pub,Pubs,40.67599,-74.01432,$$,11231
Tenement,American (New),40.72142,-73.98778,,
Ozakaya,Izakaya,40.67807,-73.96851,,
Dudley's,Cafes,40.71798,-73.99042,$$,10002
Sam Sunny,Korean,40.74156,-73.97846,,
Piccola Cucina Uptown,Sicilian,40.763174,-73.969046,,
Lil Chef Mama,Thai,40.708453,-74.005321,$$,10038
Yi Ji Shi Mo Noodle Corp,Chinese,40.71824,-73.99583,$,10013
Hanoi House,Vietnamese,40.727066,-73.983505,$$,10009
Westville Chelsea,American (New),40.73956,-73.99918,$$,10011
Mels,Pizza,40.74303,-74.00779,,
Tiger Box,Korean,40.6963379,-73.972758,$,11205
Mom's Kitchen & Bar,Comfort Food,40.76247,-73.9901,$$,10019
Bar Camillo,Italian,40.68653,-73.9444,,
21 Greenpoint,American (New),40.72978,-73.95992,$$$,11222
Davelle,Japanese,40.71852,-73.98605,$$,10002
GunBae Tribeca,Korean,40.714683,-74.010223,$$,10007
Peter Luger,Steakhouses,40.709945,-73.962478,$$$$,11211
Leyla,Turkish,40.77882,-73.97834,,
Barrio Chino,Mexican,40.718022,-73.990026,$$,10002
Le Petit Monstre,Patisserie/Cake Shop,40.696311154904876,-73.96770130204715,$$,11205
ACRE,Breakfast & Brunch,40.72633,-73.95471,$$,11222
Barrio Chino,Mexican,40.718022,-73.990026,$$,10002
Le Petit Monstre,Patisserie/Cake Shop,40.696311154904876,-73.96770130204715,$$,11205
ACRE,Breakfast & Brunch,40.72633,-73.95471,$$,11222
ICHIRAN Midtown,Ramen,40.74839,-73.99062,$$,10001
LĒNA,French,40.719135,-73.991758,$$,10002
DokoDemo,Teppanyaki,40.72638,-73.98964,$,10003
Fong On,Chinese,40.71417,-73.9937,$,10002
Brooklyn BBQ,Barbeque,40.697978,-73.991777,,
Taqueria Ramirez,Mexican,40.727876136419724,-73.95699203025863,$$,11222
Noods n’ Chill,Thai,40.71194,-73.96121,$$,11211
Joseph Leonard,American (New),40.7336021670705,-74.001675412843,$$,10014
Koko’s ,Izakaya,40.71114001497747,-73.9483030367001,,
Popina,Southern,40.687361962701,-74.0014251909241,$$,11231
Maman,French,40.75446,-73.98554,,
Olmsted,American (New),40.67713,-73.96869,$$$,11238
Roberta's,Pizza,40.70493,-73.93399,$$,11206
Chote Miya,Indian,40.7034194804375,-73.9916073158383,,
BOM with the Wind,Cocktail Bars,40.68597,-73.9732,,
Rice & Miso,Japanese,40.6845436245203,-73.9837776124477,$$,11217
Khe-Yo,Laotian,40.716906,-74.008587,$$,10013
DunHuang Miss Noodles,Chinese,40.693868137768895,-73.9634565145772,,
Yakiniku Toraji,Barbeque,40.75105,-73.97278,,
Chez Ma Tante,American (New),40.7268966108951,-73.95740360609793,$$,11222
PMF Pardon My French,French,40.72473,-73.98115,$$,10009
Bohemien Bar,Cocktail Bars,40.691171,-73.99704,$$,11201
Yakitori Totto,Japanese,40.765375,-73.983114,$$,10019
Mao Mao,Thai,40.69583,-73.933508,$$,11221
Barn Joo 35,Korean,40.74964,-73.98582,$$,10001
3 Times,Dim Sum,40.73285,-73.99104,$$,10003
Kogane Ramen-Brooklyn Heights,Ramen,40.698605,-73.992668,$$,11201
Joe's Home of Soup Dumplings,Shanghainese,40.75723,-73.97702,$$,10017
ICHIRAN - Times Square,Ramen,40.7600737531204,-73.9833259411037,$$,10019
3 Times,Dim Sum,40.703438,-74.010705,$$,10004
High Street On Hudson,American (New),40.73888,-74.00574,$$,10014
Red Hook Lobster Pound,Seafood,40.6797687107191,-74.0103686973453,$$,11231
El Pingüino,Spanish,40.7298,-73.95978,,
The Greek,Greek,40.72403160851802,-74.01044800203925,$$$,10013
Three Roosters,Thai,40.71474,-73.9983,,
The Hull,Sports Bars,40.7032842374726,-73.99133599999999,,
The View at The Battery,American (New),40.70279,-74.01388,$$,10004
Sky 55 Bar & Grill,Bars,40.703234,-74.008687,$$,10041
The Food Sermon Kitchen,Caribbean,40.6985551,-73.9712029,$$,11205
Jora Restaurant & Bar,Peruvian,40.7438054,-73.9515007,$$,11101
Deux Chats,Bars,40.71088,-73.96774,,
Diner,Diners,40.71069,-73.96559,$$,11249
Cookshop,American (New),40.745731881448236,-74.00540454907613,$$,10011
Luke's Lobster FiDi,Seafood,40.7046213003984,-74.0107793876969,$$,10004
The Woo,Korean,40.7253,-74.00371,,
Rucola,Italian,40.68562,-73.98587,$$,11217
Lucali,Pizza,40.681840746711224,-74.0003327,$$,11231
Mr Mista Oh,Korean,40.74324,-73.99123,$$,10010
The Broadway,Bars,40.69096,-73.92488,,
Tiki Chick,Food Delivery Services,40.7034191,-73.99234698426135,,
Pips,Seafood,40.690902,-73.995738,,
The Rusty Face,Mediterranean,40.71418787933165,-73.96078337251589,,
Tabaré,Latin American,40.713046,-73.958968,$$,11211
Prince Street Pizza,Pizza,40.72308755605564,-73.99453001177575,$,10012
Pommes Frites,Belgian,40.730022,-74.000152,$,10012
Woorijip,Korean,40.74747,-73.98648,$,10001
Ci Siamo,Italian,40.75240549384363,-73.9982864846782,$$$,10001
Kabisera,Coffee & Tea,40.720907,-73.989913,$$,10002
La Contenta Oeste,Mexican,40.7352,-73.99808,$$,10011
Nón Lá,Vietnamese,40.725287,-73.987563,$$,10003
Mekong BK,Vietnamese,40.6892852945551,-73.968862183392,$$,11205
Brooklyn Noosh,Persian/Iranian,40.680244,-73.961223,,
Meze Mazi,Greek,40.74366,-73.97941,,
Mister Dips,Wine Bars,40.70564132341565,-74.00205276205709,$,10038
Jajaja Mexicana,Mexican,40.720138288951354,-73.96157921170422,$$,11249
Balzem,Mediterranean,40.72139,-73.99545,$$$,10012
Vinegar Hill House,Bars,40.70275,-73.98124,$$$,11201
Izakaya Toribar,Tapas/Small Plates,40.759641,-73.9685558,$$,10022
Kokomo,Caribbean,40.721985,-73.959706,$$,11249
Xolo,Mexican,40.71153,-73.96761,,
Katz's Delicatessen,Delis,40.722237,-73.9875259,$$,10002
Anything At All,American (New),40.7562,-73.95504,$$,10044
NAYA - FiDi,Lebanese,40.7021301747589,-74.0118362768599,$,10004
Aita,Italian,40.686412,-73.966629,$$$,11238
Pastis,French,40.73928,-74.00695,$$$,10014
Santo Bruklin,Brazilian,40.67509,-73.99956,$$,11231
North River Lobster Co,Seafood,40.761968685867,-74.0028237923088,$$,10036
Magdalene,Lebanese,40.71252,-73.94899,$$,11211
Bird Dog,Southern,40.733983,-74.006549,,
Awesum Dimsum,Dim Sum,40.7388534,-73.98367370212858,$$,10010
Debajo,Tapas Bars,40.746214,-73.98945,,
Saint Julivert,Seafood,40.68787,-73.99565,,
WAU,Malaysian,40.78448,-73.97776,$$,10024
Counter & Bodega,Latin American,40.743833,-73.996231,$$,10011
Friedman's,American (New),40.74839,-73.99062,$$,10001
Veselka,Diners,40.729036,-73.98712,$$,10003
Cheeky Sandwiches,Sandwiches,40.7158,-73.99169,$,10002
Chongkho Restaurant,Thai,40.71101,-73.94929,,
3 Times,Dim Sum,40.71106,-73.95179,,
Falansai,Vietnamese,40.70676,-73.92877,$$,11237
Gus’s Chop House,Modern European,40.68348,-73.99929,,
Dante West Village,Cocktail Bars,40.735202,-74.006251,$$$,10014
Hole In The Wall,Australian,40.74334201163294,-73.99108071293105,$$,10010
Aunt Jake's,Italian,40.7186467,-73.9979241,$$,10013
Pineapple Club,Cocktail Bars,40.725381,-73.983189,$$$,10009
Park Avenue Tavern,American (Traditional),40.75031,-73.9783999,$$,10016
Cool World,American (New),40.72355,-73.95182,,
Pineapple Club,Cocktail Bars,40.725381,-73.983189,$$$,10009
Park Avenue Tavern,American (Traditional),40.75031,-73.9783999,$$,10016
Cool World,American (New),40.72355,-73.95182,,
Society Cafe,American (New),40.73621709073928,-73.99658457729866,$$,10011
Victor,American (New),40.6795300180332,-73.98681309999999,,
Lamonte,French,40.71684,-73.95648,,
Towa,Japanese,40.7442,-73.99062,,
Bar Bête,French,40.6830415993956,-73.9928337145761,,
E Noodle Chinatown,Hong Kong Style Cafe,40.71329,-73.98869,,
Zizi,Mediterranean,40.74293,-74.00002,,
THEP Thai Restaurant,Thai,40.77078,-73.95727,$$,10021
Forma Pasta Factory,Pasta Shops,40.72371,-73.95157,$$,11222
Anejo Tribeca,Mexican,40.71931499731559,-74.00427174111186,$$,10013
La Chilaquería - New York,Mexican,40.746995,-73.992207,,
Malatesta Trattoria,Italian,40.73285,-74.00847,$$,10014
Chama Mama,Georgian,40.7384,-73.99892,$$,10011
Dollar Hits - New York,Filipino,40.746298,-73.900082,$,11377
El Mate,Brazilian,40.6749782203506,-73.9995224876405,$$,11231
Peak,American (New),40.7541644,-74.0009082,$$$$,10001
Khiladi NYC,Indian,40.727536,-73.97926,,
Ginger and Lemongrass,Vietnamese,40.71912,-73.98567,$$,10002
Malii Gramercy,Thai,40.73767,-73.98128,$$,10010
Bokki Seoul Food,Korean,40.69278448368199,-73.98827794662675,,
Fob Brooklyn,Filipino,40.6826583,-73.9930755,$$,11231
Clinton St. Baking Company,Breakfast & Brunch,40.703717,-73.991773,$$,11201
Saigon Social,Vietnamese,40.721476,-73.988248,,
BCD Tofu House,Korean,40.747509,-73.986079,$$,10001
Chong Qing Wharf,Hot Pot,40.63137085498639,-74.00851908604734,,
Jajaja Mexicana,Mexican,40.72979,-74.00455,$$,10014
Don Wagyu,Japanese,40.76234,-73.996759,,
Ammazzacaffè,Cocktail Bars,40.7113172,-73.9446243,$$,11211
Tonchin,Ramen,40.7502727,-73.9844951,$$,10018
Dumpling N' Dips,Dim Sum,40.72944,-73.98934,$,10003
Vineapple Cafe,Coffee & Tea,40.698296727787,-73.99307556416,$$,11201
Haenyeo,Korean,40.67519,-73.98116,$$$,11215
Endswell Bar & Bistro,Cocktail Bars,40.68618,-73.97377,$$,11217
La Pecora Bianca,Bars,40.7525275894982,-73.9829860255122,,
Citizens Of Soho,Cafes,40.72134572319133,-73.99766916309609,$$,10012
Zaab Zaab,Thai,40.74319,-73.8886,$$,11373
Jajaja Mexicana,Mexican,40.71419,-73.99041,$$,10002
Bluebird,Bars,40.66182,-73.96174,$$,11225
Korzo,Modern European,40.66199,-73.99238,$$,11215
Bamboo Walk Restaurant,Caribbean,40.63961491754493,-73.92889195252587,$$$,11203
Gugu Room,Izakaya,40.720122880732625,-73.98932690000238,,
Trattoria Trecolori,Italian,40.759876,-73.986767,$$,10036
Boqueria West 40th St,Tapas/Small Plates,40.75558,-73.99012,$$,10018
Manhatta,American (New),40.70800627689857,-74.00888226517013,$$$$,10005
Fort Defiance,American (New),40.67719,-74.01291,$$,11231
Buccaneer’s Club,Bars,40.746714670108574,-73.9389276552645,,
Hi-Collar,Japanese,40.729564,-73.98786,$$,10003
Lowerline,Cajun/Creole,40.67421,-73.96324,$$,11238
The Warren,Gastropubs,40.7331,-74.0067,$$,10014
Cucina Alba,Italian,40.74498,-74.00692,,
R17,Cocktail Bars,40.70634,-74.00383,$$,10038
Bao Bao Cafe,Ramen,40.740829,-73.983474,$$,10010
Karazishi Botan,Ramen,40.68312,-73.99278,$$,11231
the last drop cafe,Seafood,40.704267,-74.00699999999999,,
Tavern on the Green,American (New),40.772194,-73.9776,$$$,10023
Chito Gvrito,Georgian,40.734764,-73.985862,,
The Reading Room,Breakfast & Brunch,40.7555,-73.97802,,
Blessing,Taiwanese,40.7086279,-73.9415309,,
Teranga Harlem,African,40.796278,-73.949119,$$,10029
Verlaine,Tapas/Small Plates,40.720079,-73.987785,$$,10002
Peaches HotHouse,Southern,40.6833699737169,-73.9437798410654,$$,11216
Cocoron  & Goemon Curry,Japanese,40.72029996280202,-73.99304888458795,$$,10002
Grindhaus,American (New),40.67919,-74.01055,$$,11231
Evil Katsu,Japanese,40.72768479788727,-73.98324300000446,$$,10009
Macao Trading Company,Asian Fusion,40.719623,-74.003904,$$$,10013
Lil Frankie's,Pizza,40.723625,-73.988555,$$,10003
Amici Ristorante,Italian,40.71981,-73.99722,$$,10013
Le Sia,Asian Fusion,40.76072,-73.99119,$$$,10036
Il Corallo Trattoria,Italian,40.7262073,-74.0018919,$$,10012
Win Son Bakery,Cafes,40.70721,-73.94302,$$,11206
Hometown Hotpot & BBQ,Hot Pot,40.71931,-73.99689,$$$,10013
Taste From Everest,Himalayan/Nepalese,40.7422712,-73.9830327,$$,10016
Citizens Of Gramercy,Australian,40.73669225517018,-73.98148811349184,$$,10010
Go! Go! Curry!,Japanese Curry,40.7547,-73.991055,$$,10018
Lava Shawarma,Mediterranean,40.71964,-73.98507,$,10002
Jongro BBQ,Korean,40.747514,-73.986884,$$,10001
Habana Outpost,Cuban,40.686448,-73.974163,$$,11217
Spicy Village,Chinese,40.71695,-73.99327,$$,10002
Marian's,American (New),40.73492,-73.99995,,
Zou Zou’s,Mediterranean,40.752941113750204,-73.99872428597398,$$$,10001
Tonii’s Fresh Rice Noodle,Chinese,40.715608,-73.998949,$,10013
Meadowsweet,American (Traditional),40.7103995,-73.9632384,$$$,11211
Island Shack,Caribbean,40.68695,-73.97541,,
JUA,Korean,40.739694,-73.987832,$$$$,10010
City Vineyard,Wine Bars,40.7205582,-74.0118093,$$,10013
Bites of Xi'an,Chinese,40.68807,-73.98199,$,11217
Hold Fast Kitchen & Spirits,American (New),40.76064,-73.99023,$$,10036
IL Brigante,Italian,40.707492,-74.002571,$$,10038
Osamil,Korean,40.74697,-73.9864,$$,10001
l’abeille,French,40.72188,-74.00995,,
Sanmiwago,Chinese,40.71718663968627,-73.9972861,,
Los Dos Hermanos,Tapas Bars,40.6897589190199,-73.97237462897537,,
Kin Ramen,Ramen,40.76435,-73.97904,$$,10019
Risbo,French,40.6560593,-73.9597273,$$,11225
Frankies 457 Spuntino,Italian,40.677328,-73.997972,$$$,11231
Brindle Room,Bars,40.72667,-73.977292,,
Mezze on the River,Seafood,40.71093,-74.01617,,
City Vineyard,Wine Bars,40.7205582,-74.0118093,$$,10013
Bites of Xi'an,Chinese,40.68807,-73.98199,$,11217
Hold Fast Kitchen & Spirits,American (New),40.76064,-73.99023,$$,10036
IL Brigante,Italian,40.707492,-74.002571,$$,10038
Osamil,Korean,40.74697,-73.9864,$$,10001
l’abeille,French,40.72188,-74.00995,,
Sanmiwago,Chinese,40.71718663968627,-73.9972861,,
Los Dos Hermanos,Tapas Bars,40.6897589190199,-73.97237462897537,,
Kin Ramen,Ramen,40.76435,-73.97904,$$,10019
Risbo,French,40.6560593,-73.9597273,$$,11225
Frankies 457 Spuntino,Italian,40.677328,-73.997972,$$$,11231
Brindle Room,Bars,40.72667,-73.977292,,
Mezze on the River,Seafood,40.71093,-74.01617,,
Gatsby's Landing Times Square,American (New),40.7565,-73.98427,,
Cowgirl Seahorse,Tex-Mex,40.7081358,-74.0004532,$$,10038
Los Tacos No. 1,Tacos,40.714282,-74.008675,$$,10007
Sereneco,American (New),40.73025024164356,-73.95781014114618,,
Mr. Sun,Dim Sum,40.75809,-73.98026,$$,10036
Mino Brasserie,French,40.73771,-74.00152,,
Gai Kitchen,Thai,40.717189594947605,-73.9972861,,
Fulgurances,Latin American,40.72943,-73.95738,,
Cuba Restaurant and Rum Bar,Cuban,40.729084,-73.998832,$$,10012
Misirizzi,Italian,40.7272,-73.99228,$$,10003
Mekelburg's,Specialty Food,40.687542,-73.962334,$$,11238
Lupa,Italian,40.7276,-74.000045,$$$,10012
Hao Noodle Chelsea,Chinese,40.7406999,-74.00436,$$,10014
Yiwanmen,Noodles,40.7193132739237,-73.99627615337461,$,10013
Paisley,Indian,40.722387,-74.0095662,,
Omakase By Korami,Japanese,40.763503307884655,-73.989323,$$$$,10019
Black Iris,Middle Eastern,40.687318869309735,-73.9724778,$$,11205
Tofu Tofu,Korean,40.7176299520983,-73.9954301342368,$$,10013
The Spaniard,American (New),40.7327497,-74.0021829,$$,10014
Imani,Caribbean,40.689413,-73.970866,$$,11205
Pig Beach BBQ - Brooklyn,Barbeque,40.6792941479875,-73.9880264255794,$$,11231
Dim Sum Palace,Dim Sum,40.7259,-73.98986,$$,10003
Double Chicken Please,Cocktail Bars,40.719584,-73.990486,$$,10002
Banter,Breakfast & Brunch,40.739135,-74.005738,$$,10014
Osteria Brooklyn,Italian,40.693154,-73.967177,$$$,11205
Kyuramen - Union Square,Ramen,40.73310125993799,-73.9866958494115,$$,10003
Carbone,Italian,40.728,-74.0001497,$$$$,10012
Birdies Hot Chicken,Chicken Shop,40.7118,-73.94108,$$,11206
Banh,Vietnamese,40.80085,-73.96562,$$,10025
Itaewon Pocha,Gastropubs,40.7475125111924,-73.9867554408843,$$,10001
La Barca Cantina,Mexican,40.76131,-74.00194,,
Los Tacos No.1,Tacos,40.7575067,-73.9877717,$,10036
Jajaja Mexicana,Mexican,40.75264793272132,-73.99981519174997,,
Leland Eating and Drinking House ,Wine Bars,40.679822105618534,-73.96511882543564,,
French Louie,French,40.6879459,-73.988257,$$,11201
Bar Crudo,Seafood,40.670226,-73.985768,$$$,11215
The Folly,Seafood,40.72721,-74.00004,$$,10012
Minetta Tavern,French,40.7300047976758,-74.0006073834151,$$$,10012
Runner Up,French,40.66556972929384,-73.98229889177945,,
Pio Pio 8,Latin American,40.760506289326,-73.994564488901,$$$,10036
Boran,Thai,40.6782327,-73.998062,$$,11231
Boqueria,Tapas/Small Plates,40.771522,-73.956073,$$$,10075
Frida Midtown,Mexican,40.756610894855896,-73.96919065816803,$$$,10022
Calyer,Coffee & Tea,40.6938,-73.96394,,
Chef Tan Newport 蜀湘门第,Szechuan,40.7283333339534,-74.0344276659991,$$,07310
Wakuwaku,Izakaya,40.6559047,-74.0067754,,
Bobwhite Counter,Southern,40.72365,-73.97899,$,10009
Follia,Wine Bars,40.7349243164062,-73.9855880737305,$$,10003
Four Five Six,Bars,40.719181,-73.943149,$$,11222
Sobre Masa,Mexican,40.70634,-73.93136,,
Flip Sigi,Filipino,40.7344965,-74.0020674,$$,10014
Barbuto,Italian,40.73885,-74.00932,,
The HiHi Room,Burgers,40.6871,-73.99036,,
Izakaya,Izakaya,40.72667,-73.98738,$$,10003
Someday Bar,Bars,40.68736,-73.98633,$$,11217
Wok Wok Southeast Asian Kitchen,Chinese,40.7140555,-73.9988387116394,$$,10013
Chez Moi,French,40.6907305802403,-73.99551244328,$$$,11201
Paulie Gee's,Pizza,40.729546,-73.958568,$$,11222
Bolero,Vietnamese,40.71799,-73.95741,,
Brooklyn Suya,African,40.67402,-73.95661,$$,11216
Tipsy Shanghai,Shanghainese,40.72929,-73.99882,$$,10012
Two Hands,Cafes,40.726306014451026,-73.9956844,,
Bar Goto,Cocktail Bars,40.72277,-73.98989,$$,10002
Vinyl Steakhouse,Steakhouses,40.74004396634562,-73.9930878,,
Flora,Italian,40.66458,-73.9800099,$$,11215
Baba's Pierogies,Modern European,40.67687,-73.98633,$$,11215
K'OOK,Korean,40.72682,-73.98738,$$,10003
Upland,American (New),40.7418912,-73.9846396,$$$,10010
Lombardi's Pizza,Pizza,40.7215934960083,-73.9955956044561,$$,10012
Nubiani,Korean,40.74699,-73.9854,,
Ho Foods,Taiwanese,40.72634,-73.98478,$$,10009
The Landing,Cocktail Bars,40.7511917,-73.992165,,
Employees Only,American (New),40.73343,-74.00617,$$$,10014
Hey Yuet,Dim Sum,40.74703,-73.99645,,
Chikarashi,Japanese,40.71792477072888,-73.99945752883555,$$,10013
Ensenada,Mexican,40.7105293956958,-73.95418263068801,,
POST,Breakfast & Brunch,40.7225246,-73.9821975,$$,10009
Nai ,Tapas/Small Plates,40.726568148550406,-73.98890549678106,$$$,10003
Adrienne's Pizzabar,Pizza,40.7043362,-74.0101733,$$,10004
Pasta Louise,Italian,40.6642062,-73.98072600173181,,
Karczma,Polish,40.729977,-73.955128,$$,11222
Kame,Ramen,40.7474881059799,-73.996648862958,$$,10001
Gazab,Indian,40.72191,-73.98666,,
Sea Wolf - Williamsburg Waterfront,Seafood,40.709946,-73.968608,$$$,11249
Winona's,American (Traditional),40.700038,-73.945787,,
P.J. Clarke's,American (Traditional),40.71376403876921,-74.01622797321502,$$,10281
Threes Brewing Greenpoint,Bars,40.73025,-73.95781,$$,11222
Gitano Island,Mexican,40.69153851083249,-74.01397807055223,,
Le Botaniste,Vegetarian,40.7204278,-74.0002028,$$,10013
Fornino,Italian,40.692930215177675,-74.00165153160219,$$,11201
Pylos,Greek,40.72608,-73.98415,$$$,10009
Le French Diner,French,40.7218274586187,-73.9879689992204,$$,10002
The Commodore,Bars,40.7138257110445,-73.9556050300598,$$,11211
Leuca,Italian,40.722121,-73.956678,$$$,11249
Manousheh - Bleecker,Lebanese,40.729511,-74.001275,$,10012
La Parisienne,Cafes,40.70961,-74.0093799,$$,10038
The Orchard Room,Bars,40.719365,-73.989322,,
The Smith,American (New),40.7716201269986,-73.9818377981476,$$,10023
Island Oyster,Bars,40.6931407627818,-74.0162645280361,$$,11231
Ume Williamsburg,Sushi Bars,40.71657,-73.96559,$$$$,11249
Brooklyn Chop House,Dim Sum,40.71151,-74.00597,$$$,10038
Sweet Chick,American (New),40.67763,-73.97255,$$,11217
Casa Ora,Venezuelan,40.707943,-73.9437707,$$$,11206
Bombay Vada House,Indian,40.726568,-74.043767,,
750 Myrtle Diner,Tapas Bars,40.694779,-73.952807,$$,11205
Egg Shop,Breakfast & Brunch,40.7204574688656,-73.9952510689421,$$,10012
Thai Holic,Thai,40.693005,-73.971286,$$,11205
Sushi W,Japanese,40.79837,-73.96941,,
Da Gennaro,Italian,40.71832,-73.99794,$$$,10013
Cafe Spaghetti,Italian,40.68412,-74.0024,,
Forever Thai,Thai,40.7039938,-73.9310911,$$,11237
Gertie,Breakfast & Brunch,40.712389,-73.9555675,$$,11211
Little Ways,American (Traditional),40.722622,-74.0033741,,
Ops,Pizza,40.70276,-73.9171,$$,11237
Mad Morton,American (New),40.731365,-74.003888,,
Emilia by Nai,Cafes,40.729047028115936,-73.98390437116394,,
LaRina Pastificio & Vino,Bars,40.6933631896973,-73.9704132080078,$$,11205
Schilling Restaurant & Bar,Austrian,40.70857,-74.014,$$,10006
Pies-n-Thighs,Southern,40.711191,-73.961424,$$,11211
Tavola,Italian,40.755403,-73.994516,$$,10018
Five Leaves,American (New),40.72371830945,-73.95159863632,$$,11222
Nish Nush,Vegetarian,40.715688,-74.007695,$$,10013
Memphis Seoul,Soul Food,40.6716953,-73.9578342,$$,11238
Qahwah House,Middle Eastern,40.7185628184474,-73.9571302649415,$,11249
Verde on Smith,Italian,40.684439,-73.992244,$$,11201
Eva’s x Cinco de Mayo,Specialty Food,40.732822,-73.997152,$,10011
Hollow Nickel,Pubs,40.68562,-73.9819,$$,11217
12 Chairs,Middle Eastern,40.72759,-74.0024,$$,10012
Guevara's,Mexican,40.688019,-73.962881,$$,11238
Au Za'atar,Lebanese,40.759,-73.962771,,
Golden Diner,Diners,40.71244,-73.994,$$,10002
Buttermilk Channel,American (New),40.675919,-73.999059,$$,11231
St. Anselm,American (New),40.7143299,-73.95604,$$$,11211
Baodega,Shanghainese,40.74014,-73.99178,$$,10011
Miznon,Sandwiches,40.75352,-74.00012,$$,10001
Fuji Hibachi,Japanese,40.7579059,-73.99069,$$,10036
Sweet Catch ,Seafood,40.657376,-73.950539,,
12 Chairs Cafe,Middle Eastern,40.7145615,-73.9653168,$$,11249
Verōnika,Modern European,40.7392209,-73.98672189999999,,
Joe’s Steam Rice Roll,Hong Kong Style Cafe,40.7190194496717,-74.0008207038045,$,10013
One Fifth,Bars,40.731958617147676,-73.99622414955519,,
Mermaid Oyster Bar,Seafood,40.72922,-74.00126,,
Fifty Henry,Wine Bars,40.69955614677912,-73.99227966108869,,
Estuary,Bakeries,40.6932355,-74.0007940774,,
La Chacra,Peruvian,40.71141,-73.94762,,
Nan Xiang Xiao Long Bao - Manhattan,Dim Sum,40.74822527534694,-73.9857786,$$,10001
El Zason,Mexican,40.6858552,-73.98149149999999,,
Dimsum Garden,Dim Sum,40.74979,-73.97743,,
Sista's Place,Jazz & Blues,40.68338,-73.950477,$$,11216
The Wilson NYC,American (New),40.74587,-73.99265,$$,10001
The Cactus Shop,Cocktail Bars,40.71672,-73.96543,$$,11249
Claro,Mexican,40.6773587963142,-73.9861984489446,$$,11215
Brooklyn Hots,American (New),40.68748327305635,-73.9601805658891,,
Little Tiffin,Thai,40.732257609566,-73.9543802663684,,
Leyenda,Latin American,40.68431,-73.99197,$$,11201
Aldama,Mexican,40.710999707909046,-73.96489653736353,,
Aska,Scandinavian,40.71226,-73.96641,$$$$,11249
SUGARFISH by Sushi Nozawa - Midtown West,Japanese,40.764976,-73.981655,,
Bistro So,Brasseries,40.71755,-73.95603,$$,11211
Gage and Tollner,American (Traditional),40.691328,-73.987861,$$$$,11201
Maru 2,Japanese,40.7416362670334,-74.0007360062909,$,10011
Au Za'atar,Wine Bars,40.728901,-73.981185,$$,10009
Marc Forgione,American (New),40.71647,-74.0095599,$$$,10013
Red Fish,Seafood,40.7769158819769,-73.9354103200168,,
Smør,Scandinavian,40.72935222162667,-73.98166426266144,,
Eira Mercearia ,Portuguese,40.718249,-74.043316,$$,07302
Howling Jeng Pop up Location,Hong Kong Style Cafe,40.72467,-73.95117,,
Barely Disfigured,Cocktail Bars,40.68309,-73.9928,$$,11231
The Malt House,Gastropubs,40.709659,-74.009262,$$,10038
The Nuaa Table,Thai,40.679366,-73.968485,,
Tuk Tuk,Thai,40.743232,-73.954254,$$,11101
Little Rascal,Middle Eastern,40.7208633,-73.9950497,$$,10012
LOVE Korean BBQ,Korean,40.747118,-73.985056,$$$,10016
ÇKA KA QËLLU,Modern European,40.74469,-73.98184,,
Anassa Taverna,Greek,40.71538461875374,-74.01549343149449,,
Mr Bao,Shanghainese,40.717057,-73.958764,,
Duckedup,Dim Sum,40.7205,-73.98826,,
The Mermaid Inn,Seafood,40.74813167,-74.00410833,$$$,10011
Le Fond,French,40.7258415222168,-73.9511032104492,$$,11222
Buddakan,Chinese,40.7422762672197,-74.0048000961542,$$$$,10011
Kahlo,Mexican,40.752092,-74.0026757,$$$,10001
Via Carota,Italian,40.733148231901204,-74.00366777251583,$$$,10014
Leroy's,Cocktail Bars,40.7335102,-73.95834024065202,,
Friedmans,Breakfast & Brunch,40.755311,-73.998389,$$,10018
Chard,Singaporean,40.73502,-73.99296,,
Bites of Xi'an,Burgers,40.730861,-73.989941,,
LaLou,Restaurants,40.680311,-73.967596,,
Buddakan,Chinese,40.7422762672197,-74.0048000961542,$$$$,10011
Kahlo,Mexican,40.752092,-74.0026757,$$$,10001
Via Carota,Italian,40.733148231901204,-74.00366777251583,$$$,10014
Leroy's,Cocktail Bars,40.7335102,-73.95834024065202,,
Friedmans,Breakfast & Brunch,40.755311,-73.998389,$$,10018
Bites of Xi'an,Burgers,40.730861,-73.989941,,
LaLou,Restaurants,40.680311,-73.967596,,
E Noodle 粥麵館 - Chinatown,Hong Kong Style Cafe,40.71379,-73.99731,$,10038
Saigon Grill & Bar,Vietnamese,40.61883,-73.93099,$$,11234
Danubius Restaurant,Modern European,40.740360159934376,-73.92383323150537,,
Qanoon,Middle Eastern,40.74524,-74.00202,$$,10011
Tsukimi,Japanese,40.72908,-73.98541,$$$$,10003
Miriam,Wine Bars,40.6801719843659,-73.9777555239717,$$,11217
Sisters,Music Venues,40.6828717,-73.9651809,$$,11238
Di Fara Pizza,Pizza,40.706894091267536,-74.00184964894031,,
Shinka Ramen & Sake Bar,Ramen,40.7170795322745,-73.9952574670315,$$,10002
Taiyaki NYC,Desserts,40.71789,-73.9988,$,10013
After Life,Cocktail Bars,40.70303,-73.93338,,
The Fly,Wine Bars,40.68191,-73.95848,,
Jus' Bad Food,Restaurants,40.7581621389416,-73.9546883533254,,
Charm Kao,Thai,40.6892229764259,-73.9863216751898,$$,11201
Xu's Public House,Chinese,40.73589,-73.9917,$$$,10003
Safari Restaurant NYC,Somali,40.80381,-73.9535,$$,10026
Sweet Talk,Cocktail Bars,40.6712112426758,-73.9909439086914,$$,11215
Maite,Mediterranean,40.69924,-73.926797,$$,11221
Shiraz Kitchen & Wine Bar,Persian/Iranian,40.73975906936846,-73.9959804,,
Crown Shy,American (New),40.7063449,-74.0076944,$$$$,10005
Bowery Road,American (New),40.7333427,-73.9901924,$$$,10003
66S Fusion,Sushi Bars,40.6977600194066,-73.9715740687866,$$,11205
Ilili,Mediterranean,40.74435,-73.98778,$$$,10001
Luchadores,Mexican,40.70582,-74.00411,$$,10038
Mekelburg's,Bars,40.71375,-73.96704,$$,11249
Libertador Steakhouse - Brooklyn,Argentine,40.68733913171535,-73.99817533175143,$$,11201
Xi’an Famous Foods,Chinese,40.70919,-74.00934,$$,10038
Sweetbriar,American (New),40.7422837,-73.9831629,,
Ten Hope,Mediterranean,40.713658,-73.957576,$$$,11211
Casa Enrique,Mexican,40.743404338358,-73.954350367693,$$,11101
Diem Eatery,Coffee & Tea,40.69129,-73.99756,,
Grand Master 95,Chinese,40.71776,-73.99422,$$,10002
Brooklyn Ice House,Barbeque,40.67924397549146,-74.01100745111071,$,11231
Old Xi'an,Chinese,40.70591,-74.00747,$$,10005
Maman,Cafes,40.75151,-73.99581,,
Swell Dive,Filipino,40.689183858613,-73.9549609646201,$$,11205
Mad For Chicken Cobble Hill,Restaurants,40.68578,-73.99125,$$,11201
Buena Vista Restaurant & Bar,Latin American,40.75686,-73.99356,$$$,10018
Turk's Inn,Turkish,40.70554,-73.922316,$$$,11237
L'Angeletto,Italian,40.73541417,-73.982956,,
Sapps,Japanese,40.74762,-73.94008,$$,11101
Mercato,Italian,40.75619,-73.9937,$$,10018
East Hae,Gastropubs,40.71847,-73.96054,$$,11249
Mercato,Italian,40.75619,-73.9937,$$,10018
East Hae,Gastropubs,40.71847,-73.96054,$$,11249
Little Mad,American (New),40.74502,-73.98513,$$$$,10016
Spaghetti Incident,Italian,40.7223153441439,-73.9899454318763,$$,10002
HACHE,Tapas Bars,40.75591,-73.96732,,
Ootoya Times Square,Sushi Bars,40.75487,-73.98599,$$,10036
Patti Ann's,American (New),40.67959,-73.96837,,
SUGARFISH by sushi nozawa,Sushi Bars,40.72511,-74.00358,$$$,10012
Ootoya Union Square,Sushi Bars,40.73316,-73.99273,$$,10003
Yia Yia's Taverna,Greek,40.70401,-73.93086,,
Jack's Wife Freda,Breakfast & Brunch,40.74091,-74.00146,$$,10011
Peppa's Jerk Chicken,Caribbean,40.7213317,-73.9883667,$$,10002
Sonnyboy,Breakfast & Brunch,40.72052,-73.9901,$$,10002
Dawa's,Himalayan/Nepalese,40.7456869,-73.9126859,$$,11377
Shake Shack Dumbo,American (Traditional),40.703081726098,-73.994004,$$,11201
Yara,Lebanese,40.75646,-73.9662,,
Canto,Italian,40.73512,-74.00671,,
Casa Bocado,Mexican,40.71958,-73.99484,,
Freda's Caribbean & Soul Cuisine,Caribbean,40.80095,-73.96141,$$,10025
Iris Cafe,Breakfast & Brunch,40.6931816,-74.000869,$$,11201
NOMO Kitchen,American (New),40.7198301,-74.0000708,$$,10013
Jiang's Kitchen,Chinese,40.72808,-73.98615,,
Popular,Peruvian,40.7230242082441,-73.99179367886067,$$$,10002
KazuNori  | The Original Hand Roll Bar,Sushi Bars,40.74519,-73.98824,$$,10001
Samurai Papa BS,Ramen,40.68981,-73.95101,$$,11216
Cafe Ubani,Cafes,40.73005,-74.00417,$$,10014
Scarpetta,Italian,40.744509,-73.9856,$$$,10016
Stella's,Caribbean,40.66536,-73.98929,$$,11215
The Tuck Room,Tapas/Small Plates,40.7066254,-74.00314050061166,$$,10038
Loring Place,Desserts,40.73293764919451,-73.99758608256435,$$$,10011
Lighthouse,Wine Bars,40.710871611836815,-73.95371897659477,$$,11211
Dirty French,French,40.72183,-73.98719,$$$,10002
Hot Space,Szechuan,40.64068,-74.00476,$$,11220
Toro Loco,Cocktail Bars,40.70421,-74.01208,$$,10004
Los Tacos No.1,Tacos,40.726157,-73.9946634,,
Barano,Pizza,40.710372,-73.96794,$$$,11249
Eataly NYC Flatiron,Italian,40.74200824886595,-73.98993910744127,$$,10010
Saraghina Pizzeria,Pizza,40.6837407,-73.9353473,$$,11233
Mari,Korean,40.76152,-73.99061,$$$$,10036
Glasserie,Mediterranean,40.7376154,-73.9560697,$$$,11222
Grand Banks,Bars,40.720328030830125,-74.01434500540704,$$$,10013
Joomak Banjum,Korean,40.74701,-73.98583,$$$$,10001
S&P,Sandwiches,40.741168,-73.99028,,
Bricolage,Vietnamese,40.67792,-73.97975,$$$,11217
Milu,Chinese,40.741084,-73.985324,$$,10010
Mémé Mediterranean,Mediterranean,40.736412,-74.00616,$$,10014
Cornbread Brooklyn,Soul Food,40.6704,-73.95489,$$,11216
Maison Yaki,French,40.67749,-73.96913,$$$,11238
Saga,American (New),40.70642,-74.007666,$$$$,10270
Take31,Korean,40.7463,-73.984809,$$,10016
Worthwild,Bars,40.74428,-74.00272,$$,10011
Ito,Sushi Bars,40.71330901722842,-74.01016682421009,,
The Grey Dog - Nolita,Coffee & Tea,40.7229699,-73.99576,$$,10012
The Rag Trader & Bo Peep Cocktail and Highball Store,Bars,40.75059,-73.98628,$$,10018
Chino Grande,American (New),40.71350664203596,-73.95855296810493,,
Plan B,Lounges,40.74769,-73.98735,$$,10001
Kettl,Tea Rooms,40.7296233,-73.95814229999999,,
White Maize,Venezuelan,40.6824378967285,-73.9931335449219,$$,11231
Sea Fire Grill,Seafood,40.754694494554826,-73.97222533963885,$$$,10017
Bazár Tapas Bar & Restaurant,Tapas/Small Plates,40.744449,-73.990068,$$$,10010
Maison Premiere,Seafood,40.7142634,-73.96166459999999,$$$,11249
Fette Sau,Barbeque,40.714066,-73.956327,$$,11211
Court Street Tavern,American (Traditional),40.677615,-73.99787,,
Hoek Pizza,Bars,40.6779064,-74.0169529,,
Senshi Ramen,Ramen,40.70426587096305,-74.00971724900641,,
The Esters,Cocktail Bars,40.72545,-73.94526,,
Skirt Steak,Steakhouses,40.74712,-73.99027,,
Taiwanese Yummy,Taiwanese,40.713,-74.0072,,
Lore,Indian,40.66316670737584,-73.9845233117843,,
Osteria Morini,Italian,40.7219179851303,-73.9976472073402,$$$,10012
Smith & Mills,Lounges,40.72018,-74.00991,$$,10013
Sweetbee,Cafes,40.682315,-73.960257,,
Pasta Louise Cafe,Italian,40.666091,-73.9787254,$$,11215
The Monkey King,Chinese,40.7064711,-73.9209643,$$,11237
Arden,American (New),40.6717311853659,-73.957878,,
Cooper's Craft & Cocktails,Gastropubs,40.742702,-74.000778,$$,10011
El Born,Spanish,40.7243479163883,-73.9512226101037,$$,11222
Threes Brewing,Venues & Event Spaces,40.6797218322754,-73.9821624755859,$$,11217
Yellow Rose,Tex-Mex,40.732575,-73.98806909999999,,
Ruthie's,American (New),40.68355,-73.992379,,
The Gray Mare,Cocktail Bars,40.726043,-73.989936,$$,10003
Wei Williamsburg,Chinese,40.7107868,-73.9542168,$$,11211
Fleming by Le Bilboquet,French,40.7653496594521,-73.9698017113384,,
Lobster Joint,Seafood,40.7354,-73.95528,$$,11222
Bedouin Tent,Middle Eastern,40.6869769801458,-73.984394049936,$$,11217
Avena UES,Italian,40.767957,-73.968759,,
Clinton Hall - FiDi,Bars,40.70803,-74.014869,$$,10006
Cheeseboat,Georgian,40.71994,-73.95791,$$,11249
Dept Of Culture,African,40.68718,-73.95079,,
Wasan Brooklyn,Japanese,40.6812605,-73.9768418,$$,11217
Sweet Chick,Southern,40.718371,-73.95733,$$,11211
Elephant & Castle,American (New),40.736214,-74.000729,$$,10011
Bar Verde,Mexican,40.7260849061034,-73.9897361397743,$$,10003
The Ten Bells,Wine Bars,40.70460372870194,-73.92394553953298,,
AGYRO,Turkish,40.69126,-73.99177,,
Hamilton's,Bars,40.64872,-73.97731,$$,11218
La Brasserie,French,40.74362,-73.98365,,
La Petite Joie,French,40.717711705769275,-73.9524272,,
Hillstone Restaurant,American (New),40.742666939835374,-73.98484186646938,$$$,10010
Hidden Leaf,Bars,40.7523775,-73.99826159999999,,
